"Date ","series ","OPEN ","HIGH ","LOW ","PREV. CLOSE ","ltp ","close ","vwap ","52W H ","52W L ","VOLUME ","VALUE ","No of trades "
"12-Apr-2023","EQ","720.90","723.60","716.35","717.30","719.15","718.40","718.89","861.15","686.60","702,063","504,703,087.75","27,052"
"11-Apr-2023","EQ","725.95","725.95","715.70","720.65","718.00","717.30","718.53","861.15","686.60","776,167","557,697,671.75","33,547"
"10-Apr-2023","EQ","727.00","730.65","720.00","730.50","721.80","720.65","722.70","861.15","686.60","916,628","662,445,680.05","25,035"
"06-Apr-2023","EQ","727.30","731.45","722.50","727.40","730.00","730.50","728.22","861.15","686.60","738,748","537,971,640.80","27,344"
"05-Apr-2023","EQ","717.00","728.40","715.00","717.05","727.65","727.40","723.95","861.15","686.60","947,741","686,116,972.00","31,510"
"03-Apr-2023","EQ","710.00","718.50","709.30","708.85","716.95","717.05","714.89","861.15","686.60","797,533","570,150,795.15","28,954"
"31-Mar-2023","EQ","700.15","711.00","698.55","697.55","711.00","708.85","707.58","861.15","686.60","972,962","688,444,255.20","25,636"
"29-Mar-2023","EQ","696.05","703.00","694.80","696.05","698.00","697.55","698.82","861.15","686.60","1,160,832","811,209,026.45","45,247"
"28-Mar-2023","EQ","690.00","699.65","690.00","699.35","696.00","696.05","696.35","861.15","686.60","1,113,702","775,527,738.05","31,594"
"27-Mar-2023","EQ","706.90","707.40","697.20","702.35","697.45","699.35","705.43","861.15","686.60","3,695,292","2,606,776,976.20","32,804"
"24-Mar-2023","EQ","707.00","709.70","698.85","707.15","701.10","702.35","703.36","861.15","686.60","960,470","675,556,293.65","30,789"
"23-Mar-2023","EQ","711.55","713.95","705.80","710.90","706.50","707.15","709.67","861.15","686.60","587,643","417,031,540.85","27,442"
"22-Mar-2023","EQ","701.00","716.20","701.00","700.90","711.55","710.90","711.09","861.15","686.60","776,214","551,960,843.85","25,992"
"21-Mar-2023","EQ","704.10","706.00","700.00","702.60","701.00","700.90","702.70","861.15","686.60","721,243","506,818,051.15","29,285"
"20-Mar-2023","EQ","691.00","706.75","691.00","706.20","703.45","702.60","697.72","861.15","686.60","1,018,438","710,588,687.90","38,046"
"17-Mar-2023","EQ","698.00","708.65","694.40","694.00","708.00","706.20","704.68","861.15","686.60","2,111,478","1,487,926,373.05","34,574"
"16-Mar-2023","EQ","689.00","696.45","689.00","687.55","694.15","694.00","693.66","861.15","686.60","974,834","676,200,509.50","42,439"
"15-Mar-2023","EQ","696.00","699.95","686.60","693.30","689.80","687.55","692.33","861.15","686.60","1,119,482","775,046,475.10","49,390"
"14-Mar-2023","EQ","696.00","700.00","689.45","694.15","693.95","693.30","694.88","861.15","689.45","1,501,579","1,043,411,950.15","46,084"
"13-Mar-2023","EQ","705.00","707.30","691.75","704.40","695.70","694.15","698.08","861.15","691.75","1,158,330","808,612,415.75","49,727"
"10-Mar-2023","EQ","707.00","710.20","701.35","709.25","705.10","704.40","705.77","861.15","650.20","970,983","685,291,589.70","34,171"
"09-Mar-2023","EQ","722.85","722.85","708.10","720.50","710.75","709.25","714.41","861.15","650.20","905,544","646,926,105.05","27,396"
"08-Mar-2023","EQ","713.00","723.20","710.80","713.60","719.85","720.50","718.46","861.15","650.20","1,026,628","737,588,726.75","35,571"
"06-Mar-2023","EQ","713.00","718.75","709.95","709.85","714.00","713.60","715.33","861.15","650.20","739,338","528,869,428.00","27,465"
"03-Mar-2023","EQ","709.00","713.25","706.20","707.35","709.05","709.85","709.24","861.15","650.20","873,264","619,355,389.55","34,941"
"02-Mar-2023","EQ","716.85","718.35","705.85","715.25","707.00","707.35","711.54","861.15","650.20","969,963","690,164,163.65","29,991"
"01-Mar-2023","EQ","712.95","716.90","709.55","715.30","716.90","715.25","714.00","861.15","650.20","991,540","707,957,679.80","28,710"
"28-Feb-2023","EQ","712.00","717.75","705.55","710.30","715.95","715.30","713.93","861.15","650.20","2,395,442","1,710,178,090.00","30,572"
"27-Feb-2023","EQ","720.00","720.50","700.00","716.15","711.85","710.30","707.41","861.15","650.20","1,064,436","752,996,678.35","38,917"
"24-Feb-2023","EQ","717.00","721.35","713.60","716.10","717.00","716.15","716.65","861.15","650.20","1,040,351","745,570,894.65","29,640"
"23-Feb-2023","EQ","722.95","724.95","715.00","721.45","715.50","716.10","717.93","861.15","650.20","1,165,270","836,586,051.85","35,840"
"22-Feb-2023","EQ","726.00","734.00","719.85","726.20","722.90","721.45","724.26","861.15","650.20","1,690,647","1,224,463,547.95","47,937"
"21-Feb-2023","EQ","725.45","730.00","722.05","721.80","726.30","726.20","726.17","861.15","650.20","673,449","489,035,230.75","27,255"
"20-Feb-2023","EQ","726.95","729.45","718.60","726.25","722.00","721.80","720.71","861.15","650.20","1,316,763","948,997,739.60","33,996"
"17-Feb-2023","EQ","731.20","734.80","724.15","732.60","725.00","726.25","729.34","861.15","650.20","624,402","455,401,126.85","19,656"
"16-Feb-2023","EQ","732.20","735.50","728.10","728.10","733.75","732.60","732.11","861.15","650.20","837,121","612,863,391.50","42,932"
"15-Feb-2023","EQ","721.05","729.80","717.20","721.00","729.00","728.10","722.54","861.15","650.20","727,403","525,576,721.60","29,217"
"14-Feb-2023","EQ","718.00","723.75","715.00","717.80","721.05","721.00","720.07","861.15","650.20","563,171","405,520,541.80","32,104"
"13-Feb-2023","EQ","726.60","729.50","716.00","726.60","717.80","717.80","721.39","861.15","650.20","599,763","432,660,060.85","33,943"
"10-Feb-2023","EQ","722.00","728.00","719.15","721.95","726.50","726.60","724.39","861.15","650.20","651,630","472,035,942.50","34,263"
"09-Feb-2023","EQ","724.50","726.35","720.80","724.40","722.00","721.95","722.59","861.15","650.20","688,243","497,319,276.15","33,658"
"08-Feb-2023","EQ","731.85","731.85","721.10","728.20","724.00","724.40","723.30","861.15","650.20","1,521,104","1,100,219,211.90","35,900"
"07-Feb-2023","EQ","731.80","734.95","722.00","729.75","727.40","728.20","727.86","861.15","650.20","1,244,247","905,640,526.15","43,971"
"06-Feb-2023","EQ","728.40","732.50","721.00","726.60","730.00","729.75","728.11","861.15","650.20","852,170","620,470,746.95","33,527"
"03-Feb-2023","EQ","737.15","741.00","720.45","737.15","725.00","726.60","727.19","861.15","650.20","1,752,697","1,274,540,219.35","77,624"
"02-Feb-2023","EQ","738.80","742.75","732.80","740.80","737.00","737.15","737.67","861.15","650.20","704,702","519,836,142.80","35,827"
"01-Feb-2023","EQ","737.25","748.40","731.25","729.50","739.10","740.80","740.45","861.15","650.20","933,031","690,865,795.25","40,464"
"31-Jan-2023","EQ","736.00","739.40","725.05","735.65","730.00","729.50","729.70","861.15","650.20","2,189,899","1,597,965,164.60","112,108"
"30-Jan-2023","EQ","736.00","740.35","727.55","735.25","736.55","735.65","735.21","861.15","650.20","1,295,677","952,589,693.05","55,649"
"27-Jan-2023","EQ","740.05","745.90","725.70","740.05","736.00","735.25","734.18","861.15","650.20","772,860","567,421,026.35","40,748"
"25-Jan-2023","EQ","740.35","742.50","731.20","740.90","739.00","740.05","735.66","861.15","650.20","868,627","639,017,851.85","36,222"
"24-Jan-2023","EQ","743.85","749.50","740.00","742.45","740.55","740.90","743.57","861.15","650.20","653,737","486,097,075.55","37,249"
"23-Jan-2023","EQ","739.15","743.90","734.00","738.45","742.10","742.45","739.61","861.15","650.20","682,160","504,531,384.35","30,232"
"20-Jan-2023","EQ","738.00","742.90","736.00","738.50","738.50","738.45","739.42","861.15","650.20","878,832","649,829,572.10","32,499"
"19-Jan-2023","EQ","750.20","752.75","737.60","750.50","738.00","738.50","742.14","861.15","650.20","1,140,422","846,348,362.90","51,424"
"18-Jan-2023","EQ","750.00","752.70","746.55","750.05","751.00","750.50","750.19","861.15","650.20","747,592","560,839,315.35","29,485"
"17-Jan-2023","EQ","744.00","752.80","741.60","747.25","751.00","750.05","746.82","861.15","650.20","1,427,736","1,066,261,920.45","59,113"
"16-Jan-2023","EQ","752.10","755.00","745.10","752.90","747.40","747.25","747.96","861.15","650.20","838,829","627,407,201.20","30,903"
"13-Jan-2023","EQ","755.10","757.60","750.00","754.25","752.80","752.90","753.46","861.15","650.20","1,067,599","804,398,251.25","31,013"
"12-Jan-2023","EQ","760.00","763.85","752.00","759.30","754.00","754.25","755.37","861.15","650.20","763,021","576,361,319.00","35,974"
"11-Jan-2023","EQ","772.00","772.75","755.50","769.25","758.95","759.30","761.85","861.15","650.20","688,374","524,435,652.65","36,401"
"10-Jan-2023","EQ","766.95","772.80","764.55","766.95","769.40","769.25","768.74","861.15","650.20","873,061","671,156,224.70","31,979"
"09-Jan-2023","EQ","765.20","768.80","761.10","761.35","767.50","766.95","765.02","861.15","650.20","729,173","557,831,834.70","40,496"
"06-Jan-2023","EQ","763.80","770.85","759.05","763.85","762.05","761.35","764.53","861.15","650.20","603,050","461,050,439.05","27,177"
"05-Jan-2023","EQ","762.00","781.00","760.10","762.25","764.00","763.85","767.85","861.15","650.20","3,198,519","2,455,983,504.45","65,444"
"04-Jan-2023","EQ","767.50","767.50","759.40","767.15","761.65","762.25","762.70","861.15","650.20","1,004,383","766,038,896.10","41,952"
"03-Jan-2023","EQ","765.00","767.90","759.10","762.30","767.60","767.15","764.17","861.15","650.20","785,495","600,251,188.60","32,161"
"02-Jan-2023","EQ","769.90","771.00","758.10","766.95","762.00","762.30","762.62","861.15","650.20","1,061,086","809,208,747.60","40,877"
"30-Dec-2022","EQ","778.00","782.30","765.00","776.10","772.00","766.95","771.88","861.15","650.20","715,796","552,506,235.30","30,964"
"29-Dec-2022","EQ","779.00","779.00","763.10","780.15","776.05","776.10","769.32","861.15","650.20","1,691,955","1,301,654,896.95","49,574"
"28-Dec-2022","EQ","778.00","782.90","773.15","777.85","780.00","780.15","778.89","861.15","650.20","610,240","475,309,723.85","24,574"
"27-Dec-2022","EQ","778.80","781.00","770.60","775.30","777.70","777.85","775.42","861.15","650.20","601,101","466,104,451.10","28,453"
"26-Dec-2022","EQ","779.00","783.70","773.00","779.00","775.75","775.30","776.27","861.15","650.20","1,014,226","787,314,187.05","43,288"
"23-Dec-2022","EQ","793.05","797.90","775.80","798.65","780.15","779.00","784.37","861.15","650.20","1,216,647","954,295,402.45","51,177"
"22-Dec-2022","EQ","802.75","809.00","787.00","802.60","797.15","798.65","796.64","861.15","650.20","1,017,965","810,949,218.50","31,667"
"21-Dec-2022","EQ","809.00","811.90","801.00","808.30","802.60","802.60","806.27","861.15","650.20","811,513","654,302,487.90","30,312"
"20-Dec-2022","EQ","808.50","809.95","800.10","808.85","807.70","808.30","804.75","861.15","650.20","677,159","544,946,893.05","21,725"
"19-Dec-2022","EQ","801.15","810.00","798.45","801.55","807.05","808.85","804.69","861.15","650.20","1,120,217","901,431,575.30","38,718"
"16-Dec-2022","EQ","803.30","804.95","795.00","804.90","802.55","801.55","801.22","861.15","650.20","849,333","680,501,342.05","29,839"
"15-Dec-2022","EQ","815.40","815.45","802.05","815.45","803.00","804.90","806.90","861.15","650.20","783,051","631,845,876.55","32,265"
"14-Dec-2022","EQ","808.40","817.00","807.35","807.60","813.10","815.45","812.60","861.15","650.20","971,275","789,253,255.55","30,384"
"13-Dec-2022","EQ","812.00","814.45","804.70","810.05","806.80","807.60","810.09","861.15","650.20","1,224,742","992,157,231.80","36,060"
"12-Dec-2022","EQ","803.00","813.00","799.20","803.30","811.15","810.05","807.11","861.15","650.20","948,219","765,318,959.95","36,433"
"09-Dec-2022","EQ","804.20","809.90","801.00","804.20","802.00","803.30","805.93","861.15","650.20","1,080,966","871,185,473.70","33,000"
"08-Dec-2022","EQ","800.55","807.95","796.50","799.35","803.20","804.20","804.03","861.15","650.20","805,216","647,414,366.35","26,232"
"07-Dec-2022","EQ","799.90","806.50","797.05","797.65","799.00","799.35","801.39","861.15","650.20","2,020,441","1,619,166,079.60","38,629"
"06-Dec-2022","EQ","800.00","800.00","793.55","800.50","798.95","797.65","796.69","861.15","650.20","826,214","658,238,972.60","22,794"
"05-Dec-2022","EQ","795.55","803.00","788.60","795.55","799.00","800.50","796.84","861.15","650.20","1,540,201","1,227,298,316.65","36,748"
"02-Dec-2022","EQ","810.00","812.50","792.20","813.20","795.05","795.55","799.11","861.15","650.20","2,882,169","2,303,182,417.00","47,166"
"01-Dec-2022","EQ","821.90","821.90","810.15","818.05","811.05","813.20","813.90","861.15","650.20","966,282","786,455,913.95","29,759"
"30-Nov-2022","EQ","805.05","821.95","804.25","805.05","816.00","818.05","815.49","861.15","650.20","3,390,682","2,765,072,327.75","49,628"
"29-Nov-2022","EQ","804.95","811.90","803.05","804.30","804.80","805.05","807.50","861.15","650.20","1,278,339","1,032,259,772.30","38,851"
"28-Nov-2022","EQ","789.00","808.90","785.00","789.15","804.00","804.30","798.96","861.15","650.20","2,043,706","1,632,842,936.40","45,194"
"25-Nov-2022","EQ","798.75","799.50","780.00","792.75","788.40","789.15","788.39","861.15","650.20","2,385,612","1,880,804,103.10","46,263"
"24-Nov-2022","EQ","787.85","795.00","781.25","770.15","793.20","792.75","789.21","861.15","650.20","6,211,909","4,902,474,362.90","94,677"
"23-Nov-2022","EQ","773.10","776.00","765.00","771.30","771.00","770.15","770.04","861.15","650.20","875,779","674,381,245.35","22,040"
"22-Nov-2022","EQ","771.00","776.90","766.20","770.95","772.00","771.30","772.42","861.15","650.20","868,523","670,862,909.85","26,170"
"21-Nov-2022","EQ","774.30","775.45","762.30","775.70","770.40","770.95","769.10","861.15","650.20","760,664","585,025,928.80","24,820"
"18-Nov-2022","EQ","789.35","793.00","769.25","786.00","777.00","775.70","781.02","861.15","650.20","1,417,103","1,106,790,895.50","39,877"
"17-Nov-2022","EQ","766.00","789.45","766.00","769.55","784.50","786.00","784.11","861.15","650.20","2,944,879","2,309,107,427.95","74,382"
"16-Nov-2022","EQ","772.75","774.20","764.80","772.75","770.00","769.55","767.31","861.15","650.20","1,071,710","822,337,913.50","24,297"
"15-Nov-2022","EQ","767.75","774.00","763.50","767.75","773.65","772.75","768.02","861.15","650.20","756,436","580,954,522.05","21,028"
"14-Nov-2022","EQ","773.35","775.00","766.50","773.20","767.10","767.75","768.90","861.15","650.20","708,750","544,959,865.25","26,238"
"14-Nov-2022","BL","773.20","773.20","773.20","768.05","773.20","773.20","773.20","804.05","768.05","927,735","717,324,702.00","1"
"11-Nov-2022","EQ","772.55","779.85","770.05","768.70","771.80","773.20","774.20","861.15","650.20","921,004","713,037,070.85","34,310"
"10-Nov-2022","EQ","770.00","771.70","762.05","770.15","767.75","768.70","766.34","861.15","650.20","839,329","643,207,915.30","50,010"
"09-Nov-2022","EQ","778.50","781.80","765.85","772.15","770.20","770.15","773.21","861.15","650.20","1,256,533","971,561,640.60","32,438"
"07-Nov-2022","EQ","768.15","776.45","764.30","764.30","770.05","772.15","770.20","861.15","650.20","1,004,208","773,438,250.20","44,322"
"04-Nov-2022","EQ","761.00","767.00","759.20","762.75","766.00","764.30","763.00","861.15","650.20","940,199","717,374,810.60","58,047"
"03-Nov-2022","EQ","768.05","770.00","756.65","768.05","764.00","762.75","762.15","861.15","650.20","1,573,795","1,199,469,401.30","69,208"
"03-Nov-2022","BL","768.05","768.05","768.05","802.85","768.05","768.05","768.05","804.05","768.05","927,735","712,546,866.75","1"
"02-Nov-2022","EQ","776.00","778.20","764.70","774.85","767.25","768.05","768.43","861.15","650.20","1,073,726","825,084,414.40","25,701"
"01-Nov-2022","EQ","773.00","784.50","767.40","770.15","774.25","774.85","774.23","861.15","650.20","1,893,673","1,466,147,505.90","51,026"
"31-Oct-2022","EQ","765.20","772.45","761.90","761.35","770.35","770.15","766.62","861.15","650.20","997,865","764,984,512.65","33,529"
"28-Oct-2022","EQ","773.45","773.45","759.50","770.05","761.40","761.35","761.88","861.15","650.20","1,598,314","1,217,720,480.35","36,149"
"27-Oct-2022","EQ","774.75","779.50","759.60","766.95","770.65","770.05","768.67","861.15","650.20","1,692,389","1,300,887,896.85","48,528"
"25-Oct-2022","EQ","770.00","776.80","764.65","770.95","767.50","766.95","771.64","861.15","650.20","871,995","672,862,813.10","30,403"
"24-Oct-2022","EQ","770.00","776.00","764.85","761.65","772.00","770.95","772.38","861.15","650.20","292,558","225,967,164.20","14,754"
"21-Oct-2022","EQ","773.00","780.85","755.05","770.70","764.85","761.65","767.54","863.00","650.20","1,692,279","1,298,895,027.30","57,976"
"20-Oct-2022","EQ","761.55","772.00","755.50","764.55","771.00","770.70","766.72","863.00","650.20","955,562","732,646,953.65","38,211"
"19-Oct-2022","EQ","774.45","777.00","761.10","774.35","763.80","764.55","767.80","863.00","650.20","1,115,277","856,308,286.15","42,271"
"18-Oct-2022","EQ","767.00","776.00","763.55","763.15","773.00","774.35","771.21","863.00","650.20","1,361,691","1,050,146,195.90","35,062"
"17-Oct-2022","EQ","761.25","771.95","757.30","761.25","763.35","763.15","765.83","863.00","650.20","940,646","720,371,863.45","40,218"
"14-Oct-2022","EQ","768.95","768.95","760.00","757.40","760.10","761.25","764.34","863.00","650.20","1,278,730","977,387,704.75","35,158"
"13-Oct-2022","EQ","754.95","760.20","749.15","757.35","756.55","757.40","755.81","863.00","650.20","1,198,492","905,835,253.05","29,936"
"12-Oct-2022","EQ","745.50","759.00","738.80","742.60","755.50","757.35","750.90","863.00","650.20","1,372,962","1,030,962,571.65","47,000"
"11-Oct-2022","EQ","758.00","759.85","740.25","757.15","742.60","742.60","750.00","863.00","650.20","1,956,824","1,467,623,231.85","60,265"
"10-Oct-2022","EQ","769.25","775.05","755.00","780.90","758.70","757.15","760.84","863.00","650.20","2,334,168","1,775,918,659.75","70,735"
"07-Oct-2022","EQ","787.90","793.90","779.05","794.30","781.20","780.90","783.02","863.00","650.20","1,053,907","825,235,503.00","46,394"
"06-Oct-2022","EQ","790.00","799.60","784.10","785.15","794.00","794.30","793.39","863.00","650.20","2,067,042","1,639,971,368.50","50,133"
"04-Oct-2022","EQ","786.75","792.45","781.20","777.95","784.75","785.15","786.54","863.00","650.20","1,238,967","974,499,313.95","36,990"
"03-Oct-2022","EQ","802.85","804.80","776.00","802.85","778.20","777.95","787.66","863.00","650.20","1,652,675","1,301,747,723.20","55,739"
"03-Oct-2022","BL","802.85","802.85","802.85","784.80","802.85","802.85","802.85","804.05","784.80","767,444","616,142,415.40","1"
"30-Sep-2022","EQ","791.00","806.00","787.00","792.60","803.90","802.85","795.95","863.00","650.20","1,436,359","1,143,266,051.20","45,133"
"29-Sep-2022","EQ","797.65","803.70","790.30","793.65","796.00","792.60","796.42","863.00","650.20","1,136,839","905,400,563.25","46,006"
"28-Sep-2022","EQ","795.95","804.20","790.05","797.85","792.75","793.65","797.86","863.00","650.20","1,415,083","1,129,034,327.85","43,356"
"27-Sep-2022","EQ","784.80","801.40","781.05","780.85","800.25","797.85","793.00","863.00","650.20","1,830,866","1,451,879,496.10","49,883"
"26-Sep-2022","EQ","779.00","785.95","762.00","781.55","785.95","780.85","774.93","863.00","650.20","1,431,943","1,109,649,394.30","57,299"
"23-Sep-2022","EQ","803.00","806.30","779.50","803.20","781.95","781.55","787.98","876.95","650.20","1,229,421","968,754,994.55","50,029"
"22-Sep-2022","EQ","800.55","807.75","788.00","804.20","804.50","803.20","799.27","876.95","650.20","1,255,234","1,003,266,269.05","36,633"
"21-Sep-2022","EQ","804.20","811.00","798.10","804.20","804.50","804.20","803.82","876.95","650.20","1,082,534","870,160,911.80","41,932"
"20-Sep-2022","EQ","797.00","812.90","795.95","793.00","803.00","804.20","805.80","876.95","650.20","1,547,208","1,246,746,666.40","39,270"
"19-Sep-2022","EQ","799.20","802.20","787.35","795.20","792.50","793.00","793.62","876.95","650.20","1,707,558","1,355,157,422.50","51,860"
"16-Sep-2022","EQ","839.70","839.70","791.20","837.40","797.80","795.20","803.33","887.40","650.20","4,786,431","3,845,097,014.20","118,904"
"15-Sep-2022","EQ","844.50","848.00","830.20","840.25","836.95","837.40","836.29","887.40","650.20","1,697,675","1,419,754,112.40","76,574"
"14-Sep-2022","EQ","842.90","861.15","838.55","849.00","840.00","840.25","847.94","887.40","650.20","3,818,926","3,238,220,358.85","89,504"
"13-Sep-2022","EQ","829.95","852.00","829.70","825.50","849.00","849.00","841.16","887.40","650.20","3,310,733","2,784,840,558.20","87,761"
"12-Sep-2022","EQ","820.40","831.00","820.40","816.30","826.00","825.50","825.97","887.40","650.20","1,300,582","1,074,242,478.65","40,080"
"09-Sep-2022","EQ","827.00","827.00","813.15","819.10","815.40","816.30","818.98","889.00","650.20","884,012","723,987,260.65","43,688"
"08-Sep-2022","EQ","829.25","831.60","815.00","825.10","817.90","819.10","820.48","889.00","650.20","1,094,898","898,340,289.80","37,126"
"07-Sep-2022","EQ","815.00","827.50","814.05","818.25","823.10","825.10","822.84","889.00","650.20","1,321,905","1,087,714,985.45","34,652"
"06-Sep-2022","EQ","841.65","845.80","816.00","837.45","818.75","818.25","828.18","889.00","650.20","2,620,566","2,170,301,903.85","64,011"
"05-Sep-2022","EQ","834.00","841.15","829.05","833.70","838.50","837.45","836.74","889.00","650.20","1,553,679","1,300,031,437.15","36,145"
"02-Sep-2022","EQ","845.00","847.00","830.70","838.40","831.80","833.70","838.39","889.00","650.20","1,885,440","1,580,730,457.45","53,236"
"01-Sep-2022","EQ","809.65","842.00","806.00","809.65","841.00","838.40","827.29","889.00","650.20","6,228,307","5,152,598,116.80","141,644"
"30-Aug-2022","EQ","809.00","813.95","806.30","806.15","809.50","809.65","809.35","889.00","650.20","2,692,962","2,179,560,646.15","45,982"
"29-Aug-2022","EQ","790.00","816.70","783.85","801.95","806.30","806.15","805.49","889.00","650.20","2,181,301","1,757,026,147.50","49,680"
"26-Aug-2022","EQ","805.90","810.80","798.80","801.85","801.50","801.95","804.75","889.00","650.20","1,254,230","1,009,341,578.65","39,662"
"25-Aug-2022","EQ","808.00","811.90","797.50","805.70","802.00","801.85","806.30","889.00","650.20","1,267,482","1,021,968,248.80","39,783"
"24-Aug-2022","EQ","805.00","813.00","798.50","809.35","803.10","805.70","804.81","889.00","650.20","1,355,374","1,090,814,006.50","41,659"
"23-Aug-2022","EQ","791.90","811.65","787.00","793.95","808.00","809.35","800.77","889.00","650.20","1,890,327","1,513,720,619.65","41,655"
"22-Aug-2022","EQ","785.90","796.95","780.10","786.95","793.50","793.95","791.62","889.00","650.20","2,166,778","1,715,273,004.40","55,592"
"19-Aug-2022","EQ","807.15","809.50","784.10","807.85","785.90","786.95","794.71","889.00","650.20","1,767,351","1,404,535,980.10","36,954"
"18-Aug-2022","EQ","793.00","813.80","791.00","793.50","807.15","807.85","806.29","889.00","650.20","3,191,360","2,573,161,181.70","75,210"
"17-Aug-2022","EQ","780.50","796.55","780.50","779.50","795.00","793.50","788.67","889.00","650.20","3,021,532","2,382,998,104.50","50,361"
"16-Aug-2022","EQ","767.30","780.60","765.30","763.45","778.90","779.50","776.43","889.00","650.20","1,804,736","1,401,248,445.25","46,511"
"12-Aug-2022","EQ","773.45","775.90","760.55","773.45","763.70","763.45","764.78","889.00","650.20","2,257,305","1,726,342,219.35","77,745"
"11-Aug-2022","EQ","794.55","798.55","771.60","790.55","773.00","773.45","777.39","889.00","650.20","3,371,339","2,620,849,930.05","81,761"
"10-Aug-2022","EQ","788.70","793.70","786.35","788.70","790.00","790.55","790.50","889.00","650.20","1,185,175","936,875,162.25","36,124"
"08-Aug-2022","EQ","781.50","793.90","781.00","784.80","789.25","788.70","788.67","889.00","650.20","947,150","746,992,599.35","33,547"
"08-Aug-2022","BL","784.80","784.80","784.80","804.05","784.80","784.80","784.80","804.05","784.80","749,000","587,815,200.00","1"
"05-Aug-2022","EQ","785.05","793.40","782.10","789.25","784.85","784.80","788.09","889.00","650.20","2,109,882","1,662,774,498.60","49,954"
"04-Aug-2022","EQ","792.30","798.00","781.10","812.75","788.00","789.25","790.40","889.00","650.20","15,358,133","12,139,130,476.15","117,350"
"03-Aug-2022","EQ","811.60","815.40","801.55","811.60","812.95","812.75","807.42","889.00","650.20","908,414","733,475,104.80","28,653"
"02-Aug-2022","EQ","813.00","826.00","806.25","811.10","808.10","811.60","817.44","889.00","650.20","2,161,684","1,767,041,521.90","57,515"
"01-Aug-2022","EQ","812.00","814.50","799.45","811.65","811.65","811.10","806.96","889.00","650.20","1,269,287","1,024,266,852.50","34,591"
"29-Jul-2022","EQ","809.00","814.70","803.80","806.60","811.05","811.65","809.33","889.00","650.20","867,439","702,041,267.00","29,620"
"28-Jul-2022","EQ","804.00","809.90","798.60","801.60","804.50","806.60","804.34","889.00","650.20","1,192,580","959,239,988.10","34,269"
"27-Jul-2022","EQ","790.00","803.70","787.05","790.85","802.00","801.60","796.83","889.00","650.20","1,056,918","842,183,694.50","29,564"
"26-Jul-2022","EQ","805.90","809.70","788.25","807.95","791.50","790.85","794.73","889.00","650.20","1,146,412","911,089,483.40","26,298"
"25-Jul-2022","BL","804.05","804.05","804.05","801.25","804.05","804.05","804.05","804.05","801.25","748,999","602,232,645.95","1"
"25-Jul-2022","EQ","804.05","813.80","801.25","804.05","805.90","807.95","806.62","889.00","650.20","940,240","758,418,047.45","30,272"
"22-Jul-2022","EQ","818.30","824.00","801.15","818.30","803.00","804.05","809.91","889.00","650.20","1,746,104","1,414,187,400.65","48,904"
"21-Jul-2022","EQ","795.00","820.65","793.35","795.00","818.50","818.30","810.05","889.00","650.20","2,245,980","1,819,362,493.65","73,749"
"20-Jul-2022","EQ","791.00","801.20","787.50","787.25","793.30","795.00","794.08","889.00","650.20","1,173,216","931,631,261.70","34,220"
"19-Jul-2022","EQ","790.90","793.35","784.20","794.35","788.00","787.25","787.88","889.00","650.20","1,184,051","932,885,673.35","40,603"
"18-Jul-2022","EQ","797.80","797.95","787.80","790.55","794.00","794.35","792.89","889.00","650.20","1,335,985","1,059,294,125.95","38,003"
"15-Jul-2022","EQ","766.25","792.65","766.25","765.85","790.90","790.55","785.44","889.00","650.20","3,002,946","2,358,645,907.90","66,460"
"14-Jul-2022","EQ","765.00","778.80","759.30","762.55","768.00","765.85","769.38","889.00","650.20","1,697,611","1,306,114,410.35","47,667"
"13-Jul-2022","EQ","758.00","768.00","757.00","756.45","762.90","762.55","762.87","889.00","650.20","697,646","532,210,316.90","23,993"
"12-Jul-2022","EQ","760.00","762.00","752.15","765.90","754.50","756.45","756.24","889.00","650.20","609,080","460,608,516.25","21,299"
"11-Jul-2022","EQ","761.55","770.00","758.40","761.40","764.00","765.90","764.70","889.00","650.20","1,287,117","984,260,088.60","27,228"
"08-Jul-2022","EQ","756.50","764.35","755.05","754.85","760.00","761.40","760.75","889.00","650.20","1,456,394","1,107,946,169.75","33,849"
"07-Jul-2022","EQ","753.00","759.60","750.00","749.95","752.00","754.85","755.52","889.00","650.20","2,064,199","1,559,536,717.85","36,548"
"06-Jul-2022","EQ","721.25","751.85","721.25","729.05","748.10","749.95","741.55","889.00","650.20","1,351,519","1,002,224,299.40","32,875"
"05-Jul-2022","EQ","732.00","739.25","726.10","730.15","727.30","729.05","733.39","889.00","650.20","1,367,769","1,003,112,850.85","41,039"
"04-Jul-2022","EQ","723.00","731.85","714.55","719.55","730.00","730.15","724.28","889.00","650.20","1,281,683","928,299,886.20","30,132"
"01-Jul-2022","EQ","700.00","722.95","697.00","706.35","721.50","719.55","711.11","889.00","650.20","954,981","679,093,344.55","27,711"
"30-Jun-2022","EQ","722.00","722.00","703.10","720.00","704.75","706.35","709.49","889.00","650.20","2,030,048","1,440,302,694.85","67,171"
"29-Jun-2022","EQ","730.05","743.80","716.00","736.85","718.40","720.00","730.61","889.00","650.20","1,741,451","1,272,323,001.90","48,279"
"28-Jun-2022","EQ","730.00","740.00","722.10","729.40","740.00","736.85","732.66","889.00","650.20","878,300","643,494,855.65","31,010"
"27-Jun-2022","EQ","735.10","737.10","724.50","729.00","730.00","729.40","731.21","889.00","650.20","695,465","508,528,762.75","24,387"
"24-Jun-2022","EQ","722.00","735.00","720.10","718.45","729.90","729.00","728.47","889.00","650.20","1,013,159","738,056,647.45","32,696"
"23-Jun-2022","EQ","710.00","719.70","706.75","708.95","718.00","718.45","712.93","889.00","650.20","714,841","509,630,698.95","30,049"
"22-Jun-2022","EQ","727.00","727.00","707.00","727.25","710.20","708.95","712.76","889.00","650.20","1,190,195","848,325,324.40","45,408"
"21-Jun-2022","EQ","720.00","733.00","720.00","716.85","727.00","727.25","727.48","889.00","650.20","816,577","594,042,104.85","22,771"
"20-Jun-2022","EQ","718.45","722.75","705.00","711.65","715.55","716.85","714.68","889.00","650.20","1,028,878","735,320,085.10","38,369"
"17-Jun-2022","EQ","723.05","728.50","708.80","724.95","713.00","711.65","715.82","889.00","650.20","1,329,315","951,548,467.90","49,016"
"16-Jun-2022","EQ","748.75","748.75","719.05","737.75","723.00","724.95","729.64","889.00","650.20","1,060,953","774,113,605.95","37,659"
"15-Jun-2022","EQ","739.00","746.45","732.50","735.85","736.60","737.75","738.04","889.00","650.20","842,942","622,125,589.55","24,522"
"14-Jun-2022","EQ","734.00","749.00","731.65","735.95","736.90","735.85","739.72","889.00","650.20","1,209,734","894,867,777.75","36,525"
"13-Jun-2022","EQ","752.00","754.15","726.00","756.60","739.95","735.95","740.22","889.00","650.20","1,455,794","1,077,607,754.05","48,463"
"10-Jun-2022","EQ","750.00","771.40","747.05","754.40","757.00","756.60","759.82","889.00","650.20","3,230,970","2,454,949,841.85","81,771"
"09-Jun-2022","EQ","749.00","759.20","742.30","757.15","754.00","754.40","752.82","889.00","650.20","882,672","664,490,988.15","28,821"
"08-Jun-2022","EQ","754.35","764.85","739.10","756.60","756.85","757.15","752.68","889.00","650.20","2,461,233","1,852,530,039.65","50,762"
"07-Jun-2022","EQ","762.00","762.00","746.10","763.65","754.00","756.60","752.97","889.00","650.20","1,346,609","1,013,955,376.25","28,672"
"06-Jun-2022","EQ","756.75","770.00","745.30","753.90","766.40","763.65","758.82","889.00","650.20","1,441,390","1,093,759,238.95","27,940"
"03-Jun-2022","EQ","760.00","771.00","752.05","758.25","754.50","753.90","759.24","889.00","650.20","1,747,685","1,326,920,822.45","34,297"
"02-Jun-2022","EQ","757.00","760.50","747.00","761.10","757.65","758.25","754.41","889.00","650.20","630,109","475,360,426.60","27,214"
"01-Jun-2022","EQ","760.00","780.50","757.75","759.75","762.00","761.10","767.53","889.00","650.20","1,641,729","1,260,080,265.75","41,880"
"31-May-2022","EQ","753.00","779.95","743.00","750.15","774.00","759.75","758.12","889.00","650.20","6,125,585","4,643,944,815.80","58,646"
"30-May-2022","EQ","731.00","753.00","729.10","725.45","750.00","750.15","744.36","889.00","650.20","1,145,649","852,777,464.50","31,347"
"27-May-2022","EQ","730.00","731.60","722.60","722.25","727.00","725.45","726.50","889.00","638.50","1,039,408","755,133,156.85","40,860"
"26-May-2022","EQ","722.30","724.85","698.00","716.20","722.55","722.25","712.02","889.00","638.50","1,339,748","953,930,660.55","45,747"
"25-May-2022","EQ","719.70","723.95","710.05","715.15","720.45","716.20","716.81","889.00","638.50","822,598","589,648,229.80","23,916"
"24-May-2022","EQ","735.00","738.00","710.00","729.70","716.95","715.15","717.86","889.00","638.50","1,513,724","1,086,640,403.55","37,769"
"23-May-2022","EQ","745.00","748.75","728.05","739.60","730.10","729.70","736.99","889.00","638.50","970,827","715,491,031.95","29,711"
"20-May-2022","EQ","735.00","742.75","731.40","721.30","739.95","739.60","738.99","889.00","638.50","1,205,301","890,701,792.05","34,893"
"19-May-2022","EQ","745.00","746.45","718.65","754.30","722.30","721.30","730.10","889.00","638.50","1,504,820","1,098,667,279.95","57,033"
"18-May-2022","EQ","736.85","757.90","733.80","734.25","757.00","754.30","748.89","889.00","638.50","2,750,146","2,059,559,190.10","64,516"
"17-May-2022","EQ","737.00","742.75","721.05","735.50","737.50","734.25","730.39","889.00","638.50","2,536,701","1,852,787,273.45","67,113"
"16-May-2022","EQ","739.00","744.45","730.00","737.60","735.00","735.50","735.86","889.00","638.50","829,085","610,088,338.85","23,115"
"13-May-2022","EQ","747.00","761.25","735.05","738.05","735.65","737.60","749.39","889.00","621.00","1,481,400","1,110,151,666.50","49,063"
"12-May-2022","EQ","742.00","748.00","728.00","744.10","741.00","738.05","735.70","889.00","621.00","1,488,552","1,095,133,918.75","50,389"
"11-May-2022","EQ","745.80","758.80","738.00","745.80","745.65","744.10","747.04","889.00","621.00","1,287,768","962,017,912.25","45,448"
"10-May-2022","EQ","759.45","772.45","743.05","758.25","746.00","745.80","757.61","889.00","621.00","1,326,184","1,004,732,158.15","46,950"
"09-May-2022","EQ","763.00","768.00","754.00","764.95","757.50","758.25","760.04","889.00","621.00","1,742,459","1,324,334,385.65","43,767"
"06-May-2022","EQ","770.00","778.50","762.95","776.35","763.00","764.95","769.49","889.00","614.00","2,003,395","1,541,584,980.65","55,818"
"05-May-2022","EQ","810.00","812.00","772.50","803.30","779.25","776.35","785.12","889.00","614.00","5,079,723","3,988,216,837.90","115,139"
"04-May-2022","EQ","824.40","832.00","800.80","824.40","805.40","803.30","817.03","889.00","614.00","1,817,504","1,484,950,937.85","58,671"
"02-May-2022","EQ","823.30","828.65","810.00","823.75","823.00","824.40","820.45","889.00","614.00","1,439,813","1,181,296,725.10","47,962"
"29-Apr-2022","EQ","815.00","835.25","813.00","811.65","824.35","823.75","826.41","889.00","614.00","2,268,921","1,875,063,107.55","57,689"
"28-Apr-2022","EQ","810.85","819.00","799.60","798.60","811.00","811.65","809.25","889.00","614.00","1,802,590","1,458,739,853.15","49,004"
"27-Apr-2022","EQ","814.90","817.85","796.30","822.05","798.95","798.60","804.72","889.00","614.00","1,186,809","955,051,021.75","42,567"
"26-Apr-2022","EQ","798.25","824.35","795.00","792.75","821.00","822.05","816.49","889.00","614.00","1,285,209","1,049,357,625.10","35,081"
"25-Apr-2022","EQ","802.00","809.90","789.55","815.60","794.60","792.75","797.07","889.00","614.00","1,193,621","951,394,514.30","38,720"
"22-Apr-2022","EQ","818.00","821.60","803.10","820.05","811.60","815.60","812.91","889.00","614.00","1,880,668","1,528,805,348.50","47,740"
"21-Apr-2022","EQ","812.00","822.00","804.25","810.45","818.95","820.05","815.19","889.00","614.00","1,344,250","1,095,817,569.60","40,579"
"20-Apr-2022","EQ","800.00","813.45","792.10","791.35","810.10","810.45","804.24","889.00","614.00","1,522,453","1,224,414,775.90","43,214"
"19-Apr-2022","EQ","825.00","836.85","784.85","822.30","788.00","791.35","815.41","889.00","614.00","2,460,482","2,006,301,435.80","69,159"
"18-Apr-2022","EQ","816.20","824.90","809.00","817.60","822.50","822.30","817.22","889.00","614.00","1,480,954","1,210,261,049.70","50,018"
"13-Apr-2022","EQ","812.10","823.50","811.05","812.10","816.20","817.60","817.72","889.00","614.00","1,036,739","847,763,791.10","35,694"
"12-Apr-2022","EQ","821.50","822.85","802.55","821.50","811.55","812.10","811.01","889.00","614.00","1,193,490","967,932,308.50","37,121"
"11-Apr-2022","EQ","817.70","824.00","809.50","817.70","821.80","821.50","819.09","889.00","614.00","1,231,236","1,008,491,383.20","38,627"
"08-Apr-2022","EQ","810.50","819.85","804.00","804.90","817.50","817.70","813.69","889.00","614.00","1,406,219","1,144,222,095.25","46,981"
"07-Apr-2022","EQ","809.00","818.30","802.05","809.25","805.00","804.90","811.62","889.00","614.00","1,965,237","1,595,031,652.75","56,194"
"06-Apr-2022","EQ","810.45","812.50","797.05","806.65","807.40","809.25","806.16","889.00","614.00","2,004,175","1,615,684,567.70","58,279"
"05-Apr-2022","EQ","791.00","810.00","788.20","788.10","804.00","806.65","799.45","889.00","614.00","2,912,280","2,328,209,048.50","67,012"
"04-Apr-2022","EQ","792.00","795.00","781.75","789.80","787.00","788.10","787.49","889.00","614.00","1,565,651","1,232,937,389.45","46,695"
"01-Apr-2022","EQ","779.95","792.50","779.00","777.40","788.25","789.80","787.90","889.00","614.00","3,082,307","2,428,557,379.75","65,026"
"31-Mar-2022","EQ","767.95","780.00","765.90","765.85","777.30","777.40","775.76","889.00","614.00","2,892,133","2,243,596,371.70","72,973"
"30-Mar-2022","EQ","750.00","782.75","749.00","743.20","765.50","765.85","770.45","889.00","614.00","8,328,100","6,416,402,252.80","176,864"
"29-Mar-2022","EQ","742.00","747.75","735.60","741.25","741.00","743.20","742.11","889.00","614.00","985,708","731,499,907.90","45,488"
"28-Mar-2022","EQ","734.00","746.20","728.15","733.35","738.90","741.25","737.26","889.00","614.00","1,833,105","1,351,480,865.75","58,661"
"25-Mar-2022","EQ","740.00","740.00","708.60","740.50","734.00","733.35","727.55","889.00","596.25","2,968,621","2,159,830,064.90","68,050"
"24-Mar-2022","EQ","748.00","751.60","738.70","748.80","739.85","740.50","744.10","889.00","596.25","1,179,087","877,352,919.20","37,679"
"23-Mar-2022","EQ","759.50","760.00","745.10","752.90","748.00","748.80","751.42","889.00","596.25","1,103,251","829,005,855.20","32,041"
"22-Mar-2022","EQ","750.00","758.00","731.40","747.80","753.00","752.90","743.44","889.00","596.25","3,047,970","2,265,984,243.45","67,096"
"21-Mar-2022","EQ","772.00","773.85","745.30","772.30","748.50","747.80","756.94","889.00","596.25","1,889,226","1,430,034,788.20","49,793"
"17-Mar-2022","EQ","758.00","774.45","754.25","747.85","772.00","772.30","768.51","889.00","577.05","3,099,238","2,381,804,161.50","83,399"
"16-Mar-2022","EQ","754.00","755.55","740.60","748.60","747.70","747.85","747.04","889.00","577.05","1,959,778","1,464,036,115.05","53,518"
"15-Mar-2022","EQ","724.00","774.00","723.75","722.25","748.90","748.60","755.39","889.00","577.05","9,386,502","7,090,503,323.10","185,383"
"14-Mar-2022","EQ","720.00","724.00","709.65","716.45","720.50","722.25","719.84","889.00","577.05","1,584,725","1,140,750,206.30","44,145"
"11-Mar-2022","EQ","724.30","726.05","707.45","724.20","716.00","716.45","713.16","889.00","577.05","2,305,707","1,644,336,069.90","60,692"
"10-Mar-2022","EQ","705.55","727.50","705.55","699.15","721.00","724.20","719.09","889.00","577.05","2,574,455","1,851,258,258.95","68,975"
"09-Mar-2022","EQ","685.00","705.90","678.30","683.70","699.90","699.15","697.28","889.00","577.05","1,920,634","1,339,217,832.00","46,028"
"08-Mar-2022","EQ","659.00","687.75","658.00","659.85","685.00","683.70","672.58","889.00","577.05","2,850,859","1,917,423,220.20","73,152"
"07-Mar-2022","EQ","659.00","673.50","650.20","669.95","662.00","659.85","661.97","889.00","577.05","2,137,318","1,414,831,292.15","79,237"
"04-Mar-2022","EQ","688.40","688.40","657.50","687.05","669.75","669.95","669.92","889.00","577.05","2,833,168","1,897,992,926.30","85,030"
"03-Mar-2022","EQ","712.15","718.75","684.55","711.00","688.75","687.05","699.53","889.00","577.05","2,112,330","1,477,647,291.00","64,170"
"02-Mar-2022","EQ","711.95","718.60","701.55","718.60","710.00","711.00","708.84","889.00","577.05","1,938,441","1,374,037,846.00","56,272"
"28-Feb-2022","EQ","699.50","720.80","694.55","709.50","716.00","718.60","711.40","889.00","577.05","1,935,344","1,376,804,290.20","45,262"
"25-Feb-2022","EQ","690.00","713.35","685.60","677.70","708.95","709.50","706.48","889.00","577.05","1,771,881","1,251,795,077.60","58,832"
"24-Feb-2022","EQ","699.00","714.55","674.05","723.25","676.20","677.70","693.05","889.00","577.05","3,091,298","2,142,422,939.80","90,992"
"23-Feb-2022","EQ","715.00","731.20","714.10","715.20","721.60","723.25","725.55","889.00","577.05","1,816,654","1,318,081,848.15","45,832"
"22-Feb-2022","EQ","690.00","716.90","690.00","713.20","713.35","715.20","708.44","889.00","577.05","1,861,977","1,319,100,228.85","48,728"
"21-Feb-2022","EQ","710.50","721.35","704.50","717.50","712.00","713.20","713.07","889.00","577.05","1,542,807","1,100,128,641.25","31,271"
"18-Feb-2022","EQ","715.60","724.60","712.20","720.35","717.45","717.50","717.45","889.00","577.05","1,686,289","1,209,820,971.00","42,193"
"17-Feb-2022","EQ","701.50","726.15","701.50","701.00","720.00","720.35","717.20","889.00","577.05","3,442,092","2,468,684,694.55","67,010"
"16-Feb-2022","EQ","705.50","708.35","696.05","702.00","698.50","701.00","702.39","889.00","577.05","1,217,196","854,946,482.25","37,081"
"15-Feb-2022","EQ","693.00","706.00","689.15","694.30","701.70","702.00","700.02","889.00","577.05","2,209,622","1,546,772,306.35","57,809"
"14-Feb-2022","EQ","689.00","700.80","684.05","701.00","690.10","694.30","693.61","889.00","577.05","2,069,409","1,435,371,330.15","78,185"
"11-Feb-2022","EQ","695.00","703.10","690.00","706.70","702.00","701.00","696.64","889.00","577.05","2,013,324","1,402,555,408.75","73,823"
"10-Feb-2022","EQ","706.25","711.00","699.00","700.20","705.60","706.70","706.80","889.00","577.05","1,770,292","1,251,247,720.75","71,319"
"09-Feb-2022","EQ","706.00","709.00","696.55","697.10","701.45","700.20","702.41","889.00","577.05","2,206,837","1,550,108,798.55","41,971"
"08-Feb-2022","EQ","705.10","710.00","691.35","704.80","696.65","697.10","698.40","889.00","577.05","2,410,446","1,683,450,108.90","66,944"
"07-Feb-2022","EQ","729.00","736.75","702.05","733.80","705.40","704.80","714.71","889.00","577.05","1,908,753","1,364,202,909.65","64,955"
"04-Feb-2022","EQ","741.00","746.55","722.20","738.10","732.50","733.80","732.65","889.00","554.35","1,931,658","1,415,238,620.80","62,799"
"03-Feb-2022","EQ","750.00","769.00","733.35","742.45","734.95","738.10","751.51","889.00","554.35","8,154,082","6,127,838,052.60","189,655"
"02-Feb-2022","EQ","741.60","744.90","734.60","736.10","741.85","742.45","740.39","889.00","554.35","1,771,997","1,311,975,205.45","44,828"
"01-Feb-2022","EQ","732.00","739.00","717.05","727.30","737.90","736.10","730.43","889.00","554.35","2,063,749","1,507,418,980.10","49,817"
"31-Jan-2022","EQ","726.00","736.95","722.05","717.90","727.00","727.30","728.76","889.00","554.35","1,682,459","1,226,113,120.55","61,126"
"28-Jan-2022","EQ","706.50","729.90","706.50","705.95","718.50","717.90","722.87","889.00","554.25","2,074,152","1,499,349,045.15","67,547"
"27-Jan-2022","EQ","700.00","709.50","687.50","707.75","706.50","705.95","701.86","889.00","554.25","3,118,535","2,188,764,789.70","104,651"
"25-Jan-2022","EQ","690.00","709.95","675.00","691.45","708.20","707.75","698.15","889.00","554.25","2,030,546","1,417,629,179.65","87,255"
"24-Jan-2022","EQ","725.00","725.00","688.50","726.55","691.55","691.45","698.91","889.00","554.25","3,114,690","2,176,877,984.95","90,187"
"21-Jan-2022","EQ","721.00","742.95","712.00","723.45","724.65","726.55","732.62","889.00","554.25","4,854,277","3,556,355,179.10","141,479"
"20-Jan-2022","EQ","728.05","746.25","717.20","717.65","726.05","723.45","729.97","889.00","554.25","5,297,725","3,867,198,728.45","155,322"
"19-Jan-2022","EQ","734.95","738.00","714.00","731.45","719.00","717.65","719.46","889.00","554.25","2,426,249","1,745,577,388.25","80,682"
"18-Jan-2022","EQ","763.80","770.00","728.40","765.10","734.95","731.45","745.95","889.00","554.25","2,674,149","1,994,784,912.70","75,099"
"17-Jan-2022","EQ","768.00","771.35","759.25","762.50","764.10","765.10","765.55","889.00","554.25","1,857,366","1,421,914,511.30","58,079"
"14-Jan-2022","EQ","730.20","777.00","727.00","730.20","760.80","762.50","761.63","889.00","554.25","8,733,345","6,651,540,701.20","162,032"
"13-Jan-2022","EQ","737.00","739.45","723.60","736.10","731.30","730.20","728.24","889.00","554.25","1,604,671","1,168,579,415.80","64,409"
"12-Jan-2022","EQ","743.00","743.30","733.15","738.65","735.60","736.10","735.96","889.00","554.25","1,817,215","1,337,389,759.40","49,795"
"11-Jan-2022","EQ","736.45","743.60","730.75","731.90","737.00","738.65","737.18","889.00","554.25","1,905,347","1,404,581,526.30","50,163"
"10-Jan-2022","EQ","740.45","743.00","731.00","736.10","733.20","731.90","735.81","889.00","554.25","1,592,097","1,171,473,704.75","35,250"
"07-Jan-2022","EQ","725.45","744.65","725.05","725.45","738.15","736.10","735.54","889.00","554.25","2,107,056","1,549,826,803.65","44,501"
"06-Jan-2022","EQ","733.00","734.95","722.55","733.60","726.40","725.45","726.94","889.00","554.25","2,077,754","1,510,399,339.80","59,362"
"05-Jan-2022","EQ","740.25","743.50","726.50","738.85","733.50","733.60","731.26","889.00","554.25","2,076,552","1,518,495,970.40","55,714"
"04-Jan-2022","EQ","752.00","756.70","731.05","748.00","739.00","738.85","737.66","889.00","554.25","2,352,482","1,735,322,861.20","58,936"
"03-Jan-2022","EQ","747.00","749.40","740.00","743.45","749.00","748.00","746.26","889.00","554.25","925,699","690,816,385.25","29,884"
"31-Dec-2021","EQ","730.00","745.00","729.05","728.00","743.60","743.45","739.12","889.00","554.25","865,277","639,544,138.20","25,110"
"30-Dec-2021","EQ","729.00","737.85","725.30","726.65","729.10","728.00","731.54","889.00","554.25","2,230,935","1,632,015,641.50","50,679"
"29-Dec-2021","EQ","728.00","728.90","720.00","726.95","724.85","726.65","725.07","889.00","554.25","783,940","568,414,821.15","25,332"
"28-Dec-2021","EQ","722.30","729.55","719.40","718.50","726.00","726.95","725.49","889.00","554.25","819,253","594,356,564.00","25,640"
"27-Dec-2021","EQ","710.00","724.50","706.75","718.95","719.90","718.50","715.38","889.00","554.25","691,930","494,992,008.20","27,459"
"24-Dec-2021","EQ","729.00","729.00","714.00","726.75","718.00","718.95","720.02","889.00","551.00","931,510","670,704,481.75","26,621"
"23-Dec-2021","EQ","720.00","729.60","712.25","714.95","726.00","726.75","720.22","889.00","551.00","1,095,354","788,897,689.55","34,086"
"22-Dec-2021","EQ","706.20","717.55","703.80","705.70","713.65","714.95","710.55","889.00","551.00","1,035,751","735,948,476.05","34,750"
"21-Dec-2021","EQ","710.55","725.60","704.80","709.55","704.95","705.70","710.67","889.00","551.00","2,695,789","1,915,814,927.65","46,076"
"20-Dec-2021","EQ","717.45","719.55","696.60","726.35","709.45","709.55","706.39","889.00","551.00","2,520,192","1,780,226,296.15","86,980"
"17-Dec-2021","EQ","738.00","738.80","721.05","740.25","725.00","726.35","727.06","889.00","551.00","1,693,819","1,231,504,279.60","61,632"
"16-Dec-2021","EQ","747.00","750.00","735.30","746.30","742.50","740.25","739.80","889.00","551.00","1,452,909","1,074,864,413.95","59,908"
"15-Dec-2021","EQ","742.00","750.50","735.20","739.50","745.90","746.30","744.05","889.00","551.00","1,676,700","1,247,547,034.60","50,302"
"14-Dec-2021","EQ","753.00","753.95","732.40","754.10","740.00","739.50","741.18","889.00","551.00","2,333,787","1,729,747,916.80","85,102"
"13-Dec-2021","EQ","774.00","777.25","752.00","769.65","755.95","754.10","761.93","889.00","551.00","1,944,410","1,481,503,321.20","77,037"
"10-Dec-2021","EQ","781.65","781.95","765.35","777.50","769.50","769.65","769.97","889.00","551.00","1,412,794","1,087,810,794.10","38,119"
"09-Dec-2021","EQ","773.00","779.05","766.05","772.15","778.10","777.50","772.82","889.00","551.00","935,828","723,222,885.75","38,433"
"08-Dec-2021","EQ","758.60","773.65","758.60","760.70","770.90","772.15","765.55","889.00","551.00","1,002,435","767,410,197.60","49,340"
"07-Dec-2021","EQ","758.35","765.50","744.00","747.60","761.00","760.70","755.61","889.00","551.00","1,741,795","1,316,119,772.30","64,039"
"06-Dec-2021","EQ","777.00","778.00","745.55","774.30","748.25","747.60","757.92","889.00","551.00","1,654,143","1,253,711,530.05","61,177"
"03-Dec-2021","EQ","767.50","781.00","767.10","773.25","774.80","774.30","774.53","889.00","525.30","1,408,239","1,090,720,180.75","38,852"
"02-Dec-2021","EQ","772.80","780.90","763.55","772.80","773.75","773.25","770.55","889.00","525.30","1,766,820","1,361,419,395.55","66,113"
"01-Dec-2021","EQ","789.90","790.85","767.45","778.60","774.00","772.80","777.46","889.00","525.30","1,263,844","982,584,367.85","55,741"
"30-Nov-2021","EQ","765.00","789.65","764.20","766.00","781.00","778.60","778.95","889.00","525.30","3,529,356","2,749,209,131.50","82,944"
"29-Nov-2021","EQ","766.75","774.90","749.25","766.70","766.50","766.00","766.05","889.00","525.30","1,584,564","1,213,855,520.00","61,834"
"26-Nov-2021","EQ","800.20","805.00","763.15","807.80","769.90","766.70","777.03","889.00","505.05","2,616,604","2,033,173,332.90","87,806"
"25-Nov-2021","EQ","799.00","810.50","795.60","798.95","809.65","807.80","802.91","889.00","505.05","1,767,252","1,418,938,813.90","49,340"
"24-Nov-2021","EQ","824.00","830.00","796.00","820.95","798.00","798.95","810.08","889.00","505.05","1,634,131","1,323,777,007.80","68,767"
"23-Nov-2021","EQ","802.00","823.85","802.00","812.75","821.00","820.95","816.70","889.00","505.05","1,025,086","837,192,320.10","48,327"
"22-Nov-2021","EQ","832.05","839.05","807.45","832.05","809.00","812.75","824.76","889.00","505.05","1,951,384","1,609,416,659.80","71,876"
"18-Nov-2021","EQ","837.20","843.00","822.30","836.40","827.55","832.05","829.92","889.00","505.05","1,132,067","939,527,431.10","52,248"
"17-Nov-2021","EQ","833.90","847.35","832.50","833.40","834.80","836.40","839.40","889.00","505.05","1,439,354","1,208,192,721.75","58,781"
"16-Nov-2021","EQ","855.90","858.00","830.05","852.55","832.85","833.40","845.19","889.00","505.05","1,669,041","1,410,663,330.55","42,090"
"15-Nov-2021","EQ","852.50","858.00","847.45","847.90","851.00","852.55","853.46","889.00","505.05","1,190,768","1,016,274,103.45","34,065"
"12-Nov-2021","EQ","842.25","852.85","840.00","837.65","847.50","847.90","847.36","889.00","495.00","1,180,441","1,000,255,306.35","34,285"
"11-Nov-2021","EQ","842.15","842.15","823.40","842.40","838.70","837.65","832.15","889.00","495.00","1,411,243","1,174,371,960.75","34,793"
"10-Nov-2021","EQ","837.05","846.00","830.75","835.65","840.25","842.40","840.19","889.00","495.00","1,371,873","1,152,629,784.50","36,399"
"09-Nov-2021","EQ","835.90","841.50","826.00","836.35","834.50","835.65","834.46","889.00","495.00","1,481,130","1,235,937,217.95","44,352"
"08-Nov-2021","EQ","830.00","838.20","817.05","827.40","835.00","836.35","829.87","889.00","495.00","891,122","739,511,660.80","32,362"
"04-Nov-2021","EQ","834.00","834.60","826.00","826.90","828.00","827.40","828.75","889.00","488.30","175,837","145,725,571.75","10,815"
"03-Nov-2021","EQ","833.00","839.00","820.05","833.80","825.00","826.90","828.97","889.00","488.30","1,044,563","865,916,225.75","28,547"
"02-Nov-2021","EQ","827.90","836.00","822.80","824.90","833.00","833.80","831.61","889.00","488.30","1,251,565","1,040,819,961.95","29,033"
"01-Nov-2021","EQ","821.50","830.00","806.00","809.50","826.00","824.90","820.72","889.00","488.30","1,552,830","1,274,437,455.35","60,715"
"29-Oct-2021","EQ","807.00","818.50","794.15","809.70","812.00","809.50","808.69","889.00","470.15","2,220,844","1,795,984,422.75","56,127"
"28-Oct-2021","EQ","818.00","822.55","805.95","818.75","808.10","809.70","813.39","889.00","470.15","1,822,874","1,482,715,121.15","41,648"
"27-Oct-2021","EQ","812.00","821.20","809.65","808.90","816.50","818.75","816.43","889.00","470.15","1,930,632","1,576,232,737.55","45,843"
"26-Oct-2021","EQ","786.10","811.90","786.10","788.95","810.60","808.90","800.75","889.00","470.15","1,776,800","1,422,765,142.20","43,410"
"25-Oct-2021","EQ","793.00","800.60","773.60","795.25","786.25","788.95","785.82","889.00","470.15","2,954,698","2,321,851,072.65","80,656"
"22-Oct-2021","EQ","818.65","821.80","790.00","814.80","792.40","795.25","805.71","889.00","458.95","2,948,977","2,376,006,159.40","77,459"
"21-Oct-2021","EQ","837.15","838.75","808.00","826.95","817.00","814.80","819.08","889.00","458.95","2,257,911","1,849,403,425.60","60,637"
"20-Oct-2021","EQ","841.00","851.90","822.55","843.30","829.00","826.95","835.08","889.00","458.95","1,535,158","1,281,972,299.90","52,877"
"19-Oct-2021","EQ","849.00","862.00","840.10","843.95","844.00","843.30","851.81","889.00","458.95","1,915,361","1,631,527,251.25","47,813"
"18-Oct-2021","EQ","863.00","863.00","842.05","849.60","846.00","843.95","849.48","889.00","458.95","1,914,236","1,626,112,867.30","62,358"
"14-Oct-2021","EQ","859.95","860.00","846.00","848.15","847.00","849.60","852.60","889.00","458.95","2,352,197","2,005,471,819.95","61,650"
"13-Oct-2021","EQ","820.00","854.00","818.05","816.15","851.75","848.15","842.78","889.00","458.95","7,233,280","6,096,088,154.25","125,906"
"12-Oct-2021","EQ","817.50","823.00","813.60","816.25","818.00","816.15","817.46","889.00","458.95","1,246,493","1,018,960,975.90","39,430"
"11-Oct-2021","EQ","821.40","826.50","813.00","818.75","818.00","816.25","818.17","889.00","458.95","1,772,719","1,450,377,535.60","40,374"
"08-Oct-2021","EQ","826.90","828.95","812.45","824.55","818.00","818.75","819.98","889.00","458.95","1,747,911","1,433,259,978.00","51,108"
"07-Oct-2021","EQ","828.00","830.70","821.35","820.65","825.00","824.55","825.68","889.00","458.95","1,500,439","1,238,880,449.30","37,842"
"06-Oct-2021","EQ","809.35","834.00","803.00","801.45","821.35","820.65","822.50","889.00","458.95","5,215,518","4,289,785,709.30","114,733"
"05-Oct-2021","EQ","815.00","819.20","799.70","814.30","803.25","801.45","804.13","889.00","458.95","3,499,870","2,814,337,580.05","84,504"
"04-Oct-2021","EQ","805.05","817.25","801.75","801.25","817.25","814.30","810.92","889.00","458.95","1,709,463","1,386,229,822.10","63,460"
"04-Oct-2021","BL","801.25","801.25","801.25","189.25","801.25","801.25","801.25","801.25","801.25","578,458","463,489,472.50","1"
"01-Oct-2021","EQ","812.90","820.00","796.00","813.60","801.25","801.25","803.65","889.00","458.95","1,989,799","1,599,092,138.10","69,777"
"30-Sep-2021","EQ","823.00","823.95","810.85","823.45","812.90","813.60","816.00","889.00","458.95","1,622,014","1,323,561,236.95","53,605"
"29-Sep-2021","EQ","824.50","829.40","811.00","822.70","822.90","823.45","820.92","889.00","458.95","2,156,442","1,770,257,745.65","57,577"
"28-Sep-2021","EQ","837.00","837.40","817.00","835.05","822.50","822.70","824.46","889.00","458.95","1,933,307","1,593,933,988.25","55,167"
"27-Sep-2021","EQ","837.10","842.40","829.00","836.75","834.00","835.05","835.25","889.00","458.95","1,433,229","1,197,099,935.20","51,946"
"24-Sep-2021","EQ","850.65","852.00","834.00","850.65","836.90","836.75","840.04","889.00","458.95","2,846,056","2,390,813,431.35","63,558"
"23-Sep-2021","EQ","857.15","859.75","849.05","854.15","850.00","850.65","852.88","889.00","458.95","1,464,265","1,248,845,808.35","37,521"
"22-Sep-2021","EQ","862.00","863.35","851.90","858.90","854.70","854.15","856.15","889.00","458.95","982,114","840,837,665.15","27,948"
"21-Sep-2021","EQ","855.00","864.45","851.00","857.00","859.85","858.90","858.08","889.00","458.95","1,478,291","1,268,493,605.75","33,920"
"20-Sep-2021","EQ","870.05","876.95","855.00","874.15","857.45","857.00","865.48","889.00","458.95","1,081,450","935,969,146.15","45,883"
"17-Sep-2021","EQ","879.90","881.00","866.30","874.00","872.65","874.15","873.66","889.00","458.95","1,829,129","1,598,031,561.45","36,062"
"16-Sep-2021","EQ","873.50","883.00","871.35","871.55","874.95","874.00","875.72","889.00","458.95","1,294,536","1,133,647,571.25","37,571"
"15-Sep-2021","EQ","885.00","887.40","870.50","881.30","872.90","871.55","875.43","889.00","458.95","1,945,751","1,703,366,208.85","50,490"
"14-Sep-2021","EQ","884.80","885.90","877.60","882.10","880.20","881.30","881.85","889.00","458.95","622,424","548,887,241.60","24,422"
"13-Sep-2021","EQ","876.80","884.00","870.70","875.60","880.10","882.10","878.67","889.00","458.95","1,064,009","934,908,354.20","34,302"
"09-Sep-2021","EQ","875.00","887.55","872.55","879.80","874.90","875.60","878.41","889.00","458.95","1,685,368","1,480,443,810.50","47,194"
"08-Sep-2021","EQ","874.30","881.35","855.55","868.30","879.00","879.80","870.25","889.00","458.95","1,601,842","1,394,007,844.65","44,255"
"07-Sep-2021","EQ","870.00","889.00","864.95","870.05","866.95","868.30","878.37","889.00","458.95","2,840,271","2,494,819,725.10","74,434"
"06-Sep-2021","EQ","869.85","877.65","863.00","869.85","869.00","870.05","871.11","877.65","458.95","985,142","858,168,608.75","30,190"
"03-Sep-2021","EQ","873.55","873.55","862.15","871.45","868.05","869.85","867.45","875.00","458.95","1,075,187","932,675,911.00","42,900"
"02-Sep-2021","EQ","866.40","875.00","862.05","867.45","870.65","871.45","871.23","875.00","458.95","1,314,628","1,145,348,602.65","42,872"
"01-Sep-2021","EQ","871.10","874.70","852.30","864.95","865.40","867.45","865.49","874.70","458.95","2,051,666","1,775,690,938.85","48,457"
"31-Aug-2021","EQ","862.00","867.70","856.45","860.50","866.75","864.95","862.94","867.70","458.95","2,132,008","1,839,803,306.75","43,049"
"30-Aug-2021","EQ","850.00","862.75","850.00","847.95","859.00","860.50","857.49","862.75","458.95","1,875,514","1,608,225,341.55","34,213"
"27-Aug-2021","EQ","853.95","860.90","844.00","853.30","846.35","847.95","851.11","860.90","458.95","2,366,396","2,014,072,853.95","55,437"
"26-Aug-2021","EQ","842.00","856.80","834.55","836.00","854.50","853.30","846.39","856.80","458.95","2,464,570","2,085,989,327.45","56,223"
"25-Aug-2021","EQ","836.10","850.65","833.25","836.90","839.45","836.00","841.82","852.40","458.95","1,777,820","1,496,600,999.80","45,848"
"24-Aug-2021","EQ","833.50","840.45","827.00","832.50","838.30","836.90","833.90","852.40","458.95","1,170,096","975,742,918.00","36,956"
"23-Aug-2021","EQ","849.65","849.70","823.00","847.30","834.00","832.50","833.49","852.40","458.95","2,161,681","1,801,737,956.00","59,661"
"20-Aug-2021","EQ","832.95","852.40","826.70","841.40","839.60","847.30","841.84","852.40","458.95","3,782,381","3,184,170,878.45","84,585"
"18-Aug-2021","EQ","839.25","844.85","830.15","832.80","840.40","841.40","837.49","844.85","458.95","3,048,603","2,553,182,838.40","68,965"
"17-Aug-2021","EQ","805.00","835.00","805.00","802.15","832.90","832.80","824.78","835.00","458.95","7,580,699","6,252,414,154.25","148,412"
"16-Aug-2021","EQ","807.40","815.45","800.10","807.45","802.50","802.15","806.51","815.45","458.95","2,604,160","2,100,291,854.45","58,196"
"13-Aug-2021","EQ","777.00","810.80","774.30","774.25","805.25","807.45","800.05","810.80","458.95","7,956,492","6,365,611,301.40","160,406"
"12-Aug-2021","EQ","765.65","776.20","763.00","765.00","774.00","774.25","770.64","798.35","458.95","880,420","678,490,642.65","25,845"
"11-Aug-2021","EQ","771.90","774.20","752.00","771.90","765.00","765.00","761.10","798.35","458.95","1,391,781","1,059,290,030.10","45,493"
"10-Aug-2021","EQ","765.90","774.55","761.05","764.85","771.00","771.90","767.81","798.35","458.95","1,429,806","1,097,816,838.55","36,704"
"09-Aug-2021","EQ","783.45","783.45","763.00","781.35","765.90","764.85","770.23","798.35","458.95","1,661,739","1,279,919,840.70","51,153"
"06-Aug-2021","EQ","773.00","798.35","772.00","768.35","780.00","781.35","783.89","798.35","427.70","7,849,735","6,153,350,299.00","91,259"
"05-Aug-2021","EQ","761.00","770.70","757.30","758.75","770.50","768.35","762.94","788.15","427.70","2,469,893","1,884,373,657.60","50,748"
"04-Aug-2021","EQ","770.00","770.00","755.15","767.65","759.00","758.75","758.84","788.15","427.70","5,426,419","4,117,790,369.25","96,860"
"03-Aug-2021","EQ","760.00","770.75","759.55","759.55","766.80","767.65","766.30","788.15","427.70","2,946,289","2,257,742,953.55","51,952"
"02-Aug-2021","EQ","763.00","771.00","756.60","756.25","759.70","759.55","761.90","788.15","427.70","2,054,226","1,565,107,195.75","45,934"
"30-Jul-2021","EQ","752.00","762.00","745.20","751.20","755.00","756.25","756.70","788.15","404.30","1,613,176","1,220,689,472.80","35,161"
"29-Jul-2021","EQ","755.00","759.90","748.50","754.90","751.90","751.20","752.18","788.15","404.30","1,742,057","1,310,347,074.45","38,029"
"28-Jul-2021","EQ","768.95","770.00","739.20","769.75","755.00","754.90","752.06","788.15","404.30","3,112,462","2,340,754,483.60","78,219"
"27-Jul-2021","EQ","780.40","788.15","764.00","776.35","767.45","769.75","775.90","788.15","404.30","2,001,824","1,553,225,186.35","61,060"
"26-Jul-2021","EQ","780.25","786.00","770.80","775.15","777.00","776.35","778.34","786.85","404.30","2,154,261","1,676,754,774.75","54,433"
"23-Jul-2021","EQ","767.15","777.00","766.00","764.20","776.85","775.15","773.05","786.85","402.35","2,021,122","1,562,423,572.20","52,412"
"22-Jul-2021","EQ","763.50","765.90","755.10","757.10","765.10","764.20","759.73","786.85","402.35","1,464,419","1,112,558,501.20","34,973"
"20-Jul-2021","EQ","762.00","768.00","747.00","765.55","756.00","757.10","755.54","786.85","402.35","2,195,159","1,658,529,595.35","39,280"
"19-Jul-2021","EQ","761.00","770.00","758.55","763.00","766.20","765.55","766.10","786.85","402.35","1,695,546","1,298,963,608.95","30,712"
"16-Jul-2021","EQ","772.35","774.95","761.40","772.35","762.00","763.00","764.30","786.85","402.35","980,383","749,310,196.55","39,016"
"15-Jul-2021","EQ","769.00","774.60","763.50","768.20","770.25","772.35","768.04","786.85","402.35","965,602","741,620,705.60","24,588"
"14-Jul-2021","EQ","773.60","776.70","763.40","772.85","768.00","768.20","768.05","786.85","402.35","1,094,262","840,450,553.55","35,233"
"13-Jul-2021","EQ","780.90","780.90","766.70","775.90","771.00","772.85","771.72","786.85","402.35","1,500,414","1,157,905,225.55","59,888"
"12-Jul-2021","EQ","771.00","786.85","769.10","765.95","776.15","775.90","780.66","786.85","402.35","2,992,685","2,336,265,089.85","62,897"
"09-Jul-2021","EQ","763.00","772.75","759.70","763.30","766.80","765.95","767.14","772.75","397.30","1,151,792","883,585,407.30","34,325"
"08-Jul-2021","EQ","762.95","766.00","757.00","763.05","762.25","763.30","760.08","771.90","397.30","1,540,033","1,170,543,316.90","30,189"
"07-Jul-2021","EQ","759.00","766.05","751.25","762.60","765.05","763.05","758.38","771.90","397.30","2,104,914","1,596,333,553.55","37,980"
"06-Jul-2021","EQ","768.00","769.00","758.00","766.30","761.20","762.60","761.88","771.90","397.30","1,411,602","1,075,476,436.85","33,762"
"05-Jul-2021","EQ","770.45","771.50","765.00","763.60","767.30","766.30","767.87","771.90","397.30","1,020,895","783,917,411.25","29,564"
"02-Jul-2021","EQ","757.90","768.80","753.20","756.05","765.15","763.60","763.10","771.90","380.50","1,916,135","1,462,197,093.35","49,432"
"01-Jul-2021","EQ","755.80","760.00","750.00","754.40","758.00","756.05","757.01","771.90","380.50","1,914,434","1,449,237,529.30","28,778"
"30-Jun-2021","EQ","765.00","768.35","749.40","758.05","756.15","754.40","757.91","771.90","380.50","1,733,070","1,313,519,476.65","47,546"
"29-Jun-2021","EQ","766.40","771.90","755.85","765.65","761.05","758.05","762.18","771.90","380.50","1,506,378","1,148,137,977.10","50,164"
"28-Jun-2021","EQ","762.00","769.70","759.00","757.60","767.35","765.65","765.51","769.70","380.50","1,486,902","1,138,235,047.95","45,389"
"25-Jun-2021","EQ","755.00","763.45","753.50","757.45","758.45","757.60","758.84","765.00","377.60","1,588,289","1,205,261,803.95","38,406"
"24-Jun-2021","EQ","762.00","763.80","754.00","757.85","758.00","757.45","758.59","765.00","377.60","1,668,843","1,265,966,070.80","45,963"
"23-Jun-2021","EQ","760.00","765.00","751.85","756.70","759.00","757.85","758.95","765.00","377.60","2,952,360","2,240,688,506.40","77,090"
"22-Jun-2021","EQ","748.00","758.75","742.35","742.55","757.50","756.70","752.67","758.75","377.60","3,346,784","2,519,030,784.75","80,242"
"21-Jun-2021","EQ","729.00","743.95","727.85","739.80","743.50","742.55","736.26","747.45","377.60","1,594,856","1,174,233,590.85","57,818"
"18-Jun-2021","EQ","746.00","747.45","732.10","745.00","737.90","739.80","740.29","747.45","360.25","3,762,934","2,785,653,946.85","59,254"
"17-Jun-2021","EQ","730.55","747.30","724.85","735.90","744.15","745.00","740.66","747.30","360.25","4,167,585","3,086,745,894.10","82,222"
"16-Jun-2021","EQ","724.00","737.75","721.00","719.50","734.65","735.90","731.00","737.75","360.25","4,134,529","3,022,342,577.40","79,498"
"15-Jun-2021","EQ","718.00","724.10","715.40","714.75","718.20","719.50","720.35","724.10","360.25","2,387,652","1,719,946,098.00","45,274"
"14-Jun-2021","EQ","715.40","717.00","702.60","715.40","717.00","714.75","713.68","718.75","360.25","1,798,953","1,283,873,232.45","50,643"
"11-Jun-2021","EQ","714.15","717.35","709.50","707.70","716.00","715.40","714.55","718.75","360.25","2,171,601","1,551,710,337.80","52,885"
"10-Jun-2021","EQ","704.30","718.75","704.00","702.85","708.00","707.70","711.06","718.75","360.25","2,571,253","1,828,315,877.45","59,865"
"09-Jun-2021","EQ","712.30","714.85","700.75","710.45","703.00","702.85","707.30","715.40","360.25","3,039,558","2,149,884,489.45","88,208"
"08-Jun-2021","EQ","705.15","715.40","701.60","699.95","709.05","710.45","710.68","715.40","360.25","3,981,598","2,829,628,346.70","81,544"
"07-Jun-2021","EQ","690.00","707.00","687.30","686.95","701.60","699.95","700.06","707.00","360.25","3,511,853","2,458,513,702.15","77,473"
"04-Jun-2021","EQ","680.85","689.95","675.00","680.00","685.55","686.95","685.71","698.00","359.50","2,398,771","1,644,864,166.20","50,452"
"03-Jun-2021","EQ","676.00","683.00","673.25","673.55","678.20","680.00","679.18","698.00","359.50","2,485,855","1,688,335,176.20","52,947"
"02-Jun-2021","EQ","665.50","674.75","660.15","665.80","673.70","673.55","669.72","698.00","359.50","3,021,421","2,023,491,928.75","66,898"
"01-Jun-2021","EQ","665.80","667.25","656.80","663.85","666.00","665.80","663.40","698.00","359.50","2,355,484","1,562,632,450.30","69,042"
"31-May-2021","EQ","659.95","665.00","650.20","654.95","663.40","663.85","658.89","698.00","359.50","3,417,033","2,251,450,785.45","93,456"
"28-May-2021","EQ","650.50","657.70","646.30","648.55","652.75","654.95","653.43","698.00","357.35","2,881,977","1,883,168,452.20","49,334"
"27-May-2021","EQ","643.50","652.00","641.15","641.90","650.00","648.55","646.81","698.00","357.35","3,543,940","2,292,265,495.75","52,520"
"26-May-2021","EQ","652.00","655.00","640.65","649.95","641.55","641.90","644.98","698.00","357.35","2,314,694","1,492,935,888.35","36,223"
"25-May-2021","EQ","641.00","652.00","641.00","640.10","651.10","649.95","647.13","698.00","357.35","2,085,253","1,349,424,842.70","53,498"
"24-May-2021","EQ","650.00","654.70","638.50","649.70","640.75","640.10","643.12","698.00","357.35","2,669,967","1,717,117,871.05","61,059"
"21-May-2021","EQ","645.05","652.50","644.30","644.90","649.65","649.70","648.08","698.00","343.40","1,833,201","1,188,060,606.65","36,393"
"20-May-2021","EQ","656.00","656.00","640.10","653.20","643.70","644.90","646.79","698.00","343.40","2,102,743","1,360,023,296.70","36,146"
"19-May-2021","EQ","652.00","661.00","650.70","653.00","653.00","653.20","654.52","698.00","343.40","3,202,046","2,095,790,246.95","63,863"
"18-May-2021","EQ","658.00","658.00","648.00","653.30","653.00","653.00","653.39","698.00","343.40","2,267,368","1,481,475,830.60","40,423"
"17-May-2021","EQ","646.00","657.40","640.10","645.15","653.60","653.30","650.17","698.00","343.40","2,659,352","1,729,036,721.65","55,144"
"14-May-2021","EQ","640.50","649.50","638.05","640.05","644.50","645.15","644.90","698.00","343.40","2,927,148","1,887,722,393.60","57,042"
"12-May-2021","EQ","645.00","646.70","631.10","641.60","639.65","640.05","639.69","698.00","343.40","3,137,276","2,006,876,168.60","61,067"
"11-May-2021","EQ","628.00","649.90","625.00","633.15","640.20","641.60","642.09","698.00","343.40","4,619,231","2,965,979,835.30","80,391"
"10-May-2021","EQ","627.00","636.95","621.00","629.00","634.00","633.15","629.70","698.00","343.40","5,026,811","3,165,375,090.70","111,644"
"07-May-2021","EQ","636.00","642.00","614.00","653.10","629.95","629.00","625.35","698.00","325.65","14,598,653","9,129,303,863.85","284,858"
"06-May-2021","EQ","652.00","654.95","638.15","649.05","651.15","653.10","646.41","698.00","325.65","4,000,163","2,585,739,332.30","107,512"
"05-May-2021","EQ","649.00","656.00","640.05","645.25","652.00","649.05","648.11","698.00","325.65","3,332,318","2,159,694,886.25","72,439"
"04-May-2021","EQ","681.00","686.30","641.55","677.10","648.00","645.25","653.68","698.00","325.65","7,400,792","4,837,721,416.25","168,508"
"03-May-2021","EQ","661.85","682.50","661.00","669.50","679.55","677.10","676.12","698.00","325.65","1,985,777","1,342,624,179.40","38,632"
"30-Apr-2021","EQ","671.00","678.00","665.05","671.85","669.00","669.50","671.36","698.00","325.65","2,206,232","1,481,169,734.45","39,765"
"29-Apr-2021","EQ","678.35","680.45","666.00","677.15","672.25","671.85","671.57","698.00","325.65","3,247,095","2,180,636,998.65","68,121"
"28-Apr-2021","EQ","677.00","693.00","675.00","673.70","676.00","677.15","683.03","698.00","325.65","3,900,923","2,664,444,385.35","79,174"
"27-Apr-2021","EQ","674.95","679.90","668.10","670.20","674.20","673.70","673.19","698.00","325.65","2,258,769","1,520,590,998.55","44,696"
"26-Apr-2021","EQ","667.00","675.00","662.05","664.60","672.00","670.20","670.10","698.00","325.65","1,845,322","1,236,559,302.80","36,853"
"23-Apr-2021","EQ","667.00","675.70","661.00","665.50","665.90","664.60","668.72","698.00","310.00","2,329,094","1,557,503,552.05","42,170"
"22-Apr-2021","EQ","680.70","680.70","663.00","680.10","667.05","665.50","668.64","698.00","310.00","3,013,453","2,014,905,207.20","65,775"
"20-Apr-2021","EQ","677.35","698.00","666.30","664.10","678.00","680.10","685.13","698.00","310.00","8,230,341","5,638,841,912.70","139,886"
"19-Apr-2021","EQ","662.00","668.80","651.50","671.30","664.40","664.10","659.85","685.00","310.00","2,620,095","1,728,882,225.40","52,197"
"16-Apr-2021","EQ","662.80","676.55","660.30","659.30","668.95","671.30","670.73","685.00","301.10","2,708,331","1,816,563,984.85","47,686"
"15-Apr-2021","EQ","662.80","674.00","647.15","663.95","660.50","659.30","658.30","685.00","301.10","3,193,956","2,102,592,260.95","55,675"